<?xml version="1.0" encoding="UTF-8"?>
<beans>  

xmlns="http://www.springframework.org/schema/beans" 
         xmlns:xsi="http://www.w3.org/2001/XMLSchema-instance" 
         xmlns:context="http://www.springframework.org/schema/context" 
         xmlns:aop="http://www.springframework.org/schema/aop" 
         xsi:schemaLocation="
         http://www.springframework.org/schema/beans 
           classpath:/org/springframework/beans/factory/xml/spring-beans-3.0.xsd 
         http://www.springframework.org/schema/context 
         classpath:/org/springframework/context/config/spring-context-3.0.xsd
        http://www.springframework.org/schema/aop 
        classpath:/org/springframework/aop/config/spring-aop-3.0.xsd
         ">    
    <bean id="dataSource" class="org.apache.commons.dbcp.BasicDataSource">  
        <property name="driverClassName"  value="com.mysql.cj.jdbc.Driver"></property>  
        <property name="url" value="jdbc:mysql://localhost:3306/phase2"></property>  
        <property name="username" value="root"></property>  
        <property name="password" value="starcity2535"></property>  
    </bean>  
      
    <bean id="mysessionFactory"  class="org.springframework.orm.hibernate3.LocalSessionFactoryBean">  
        <property name="dataSource" ref="dataSource"></property>  
          
        <property name="mappingResources">  
        <list>  
        <value>Employee.hbm.xml</value>  
        </list>  
        </property>  
          
        <property name="hibernateProperties">  
            <props>  
                <prop key="hibernate.dialect">org.hibernate.dialect.MySQL8Dialect</prop>  
                <prop key="hibernate.hbm2ddl.auto">update</prop>  
                <prop key="hibernate.show_sql">true</prop>  
                  
            </props>  
        </property>  
    </bean>  
      
    <bean id="template" class="org.springframework.orm.hibernate3.HibernateTemplate">  
    <property name="sessionFactory" ref="mysessionFactory"></property>  
    </bean>  
      
    <bean id="d" class="com.Project8.EmployeeDao">  
    <property name="template" ref="template"></property>  
    </bean>  
      
      
    </beans> 