<?xml version="1.0" encoding="UTF-8"?>
<!DOCTYPE hibernate-mapping PUBLIC 
"-//Hibernate/Hibernate Mapping DTD//EN"
"http://www.hibernate.org/dtd/hibernate-mapping-3.0.dtd">

<hibernate-mapping>
 	<class name="com.Projects.Person" table="personinfo">  
    <id name="pid"> <!-- Primary key -->  
     	<generator class="assigned"></generator>  
    </id>
    
    <property name="pname" column="person_name"/>  
    <property name="email" column="emailId"/>
    <property name="phone" column="contact_details"/>  
  </class>
</hibernate-mapping>